[
  {
    "id": 17,
    "name": "Red Dress",
    "date_created": "2019-07-18T07:02:04",
    "date_created_gmt": "2019-07-18T07:02:04",
    "date_modified": "2019-08-27T11:48:15",
    "date_modified_gmt": "2019-08-27T11:48:15",
    "type": "simple",
    "status": "publish",
    "featured": false,
    "catalog_visibility": "visible",
    "description": "This adorable dress features denim fabric, round neck, short sleeve styling, solid color design, back zipper closure. Matching bet included. Make sure to add it to your wardrobe and you will love it.",
    "short_description": "This adorable dress features denim fabric, round neck, short sleeve styling, solid color design, back zipper closure. Matching bet included. Make sure to add it to your wardrobe and you will love it.",
    "sku": "wp-pennant",
    "price": "15",
    "regular_price": "16",
    "sale_price": "15",
    "date_on_sale_from": null,
    "date_on_sale_from_gmt": null,
    "date_on_sale_to": null,
    "date_on_sale_to_gmt": null,
    "price_html": "<span class=\"woocommerce-Price-amount amount\"><span class=\"woocommerce-Price-currencySymbol\">&#36;</span>15</span>",
    "on_sale": true,
    "purchasable": true,
    "total_sales": 33,
    "virtual": false,
    "downloadable": false,
    "downloads": [],
    "download_limit": 0,
    "download_expiry": 0,
    "external_url": "",
    "button_text": "",
    "tax_status": "taxable",
    "tax_class": "",
    "manage_stock": true,
    "stock_quantity": 67,
    "stock_status": "instock",
    "backorders": "no",
    "backorders_allowed": false,
    "backordered": false,
    "sold_individually": false,
    "weight": "",
    "dimensions": {
      "length": "50",
      "width": "50",
      "height": "30"
    },
    "shipping_required": true,
    "shipping_taxable": true,
    "shipping_class": "",
    "shipping_class_id": 0,
    "reviews_allowed": true,
    "average_rating": "3.00",
    "rating_count": 1,
    "related_ids": [],
    "upsell_ids": [],
    "cross_sell_ids": [],
    "parent_id": 0,
    "purchase_note": "",
    "categories": [
      {
        "name": "Fashion"
      },
      {
        "name": "Kids"
      },
      {
        "name": "Clothing"
      }
    ],
    "tags": [],
    "images": [
      {
        "id": 141,
        "date_created": "2019-07-19T04:54:51",
        "date_created_gmt": "2019-07-19T04:54:51",
        "date_modified": "2019-07-19T04:54:51",
        "date_modified_gmt": "2019-07-19T04:54:51",
        "src": "/dress/dress_8.jpeg",
        "name": "01",
        "alt": ""
      },
      {
        "id": 186,
        "date_created": "2019-07-19T12:16:45",
        "date_created_gmt": "2019-07-19T12:16:45",
        "date_modified": "2019-07-19T12:16:45",
        "date_modified_gmt": "2019-07-19T12:16:45",
        "src": "/dress/dress_8.jpeg",
        "name": "02",
        "alt": ""
      },
      {
        "id": 187,
        "date_created": "2019-07-19T12:17:07",
        "date_created_gmt": "2019-07-19T12:17:07",
        "date_modified": "2019-07-19T12:17:07",
        "date_modified_gmt": "2019-07-19T12:17:07",
        "src": "/dress/dress_8.jpeg",
        "name": "01",
        "alt": ""
      },
      {
        "id": 189,
        "date_created": "2019-07-19T12:17:08",
        "date_created_gmt": "2019-07-19T12:17:08",
        "date_modified": "2019-07-19T12:17:08",
        "date_modified_gmt": "2019-07-19T12:17:08",
        "src": "/dress/dress_8.jpeg",
        "name": "03",
        "alt": ""
      }
    ],
    "attributes": [
      {
        "id": 1,
        "name": "Color",
        "position": 0,
        "visible": true,
        "variation": true,
        "options": [
          "#0C5A93",
          "#BDBDBD",
          "#dd0202"
        ]
      },
      {
        "id": 2,
        "name": "Size",
        "position": 1,
        "visible": true,
        "variation": true,
        "options": [
          "M",
          "S"
        ]
      },
      {
        "id": 2,
        "name": "Brand",
        "position": 1,
        "visible": true,
        "variation": true,
        "options": [
          "Carter's",
          "Fendi"
        ]
      }
    ],
    "default_attributes": []
  },
  {
    "id": 18,
    "name": "Vamsi",
    "date_created": "2019-07-18T07:02:04",
    "date_created_gmt": "2019-07-18T07:02:04",
    "date_modified": "2019-08-27T11:48:15",
    "date_modified_gmt": "2019-08-27T11:48:15",
    "type": "simple",
    "status": "publish",
    "featured": false,
    "catalog_visibility": "visible",
    "description": "This adorable dress features denim fabric, round neck, short sleeve styling, solid color design, back zipper closure. Matching bet included. Make sure to add it to your wardrobe and you will love it.",
    "short_description": "This adorable dress features denim fabric, round neck, short sleeve styling, solid color design, back zipper closure. Matching bet included. Make sure to add it to your wardrobe and you will love it.",
    "sku": "wp-pennant",
    "price": "28",
    "regular_price": "29",
    "sale_price": "27",
    "date_on_sale_from": null,
    "date_on_sale_from_gmt": null,
    "date_on_sale_to": null,
    "date_on_sale_to_gmt": null,
    "price_html": "<span class=\"woocommerce-Price-amount amount\"><span class=\"woocommerce-Price-currencySymbol\">&#36;</span>15</span>",
    "on_sale": false,
    "purchasable": true,
    "total_sales": 33,
    "virtual": false,
    "downloadable": false,
    "downloads": [],
    "download_limit": 0,
    "download_expiry": 0,
    "external_url": "",
    "button_text": "",
    "tax_status": "taxable",
    "tax_class": "",
    "manage_stock": true,
    "stock_quantity": 67,
    "stock_status": "instock",
    "backorders": "no",
    "backorders_allowed": false,
    "backordered": false,
    "sold_individually": false,
    "weight": "",
    "dimensions": {
      "length": "50",
      "width": "50",
      "height": "30"
    },
    "shipping_required": true,
    "shipping_taxable": true,
    "shipping_class": "",
    "shipping_class_id": 0,
    "reviews_allowed": true,
    "average_rating": "3.00",
    "rating_count": 1,
    "related_ids": [],
    "upsell_ids": [],
    "cross_sell_ids": [],
    "parent_id": 0,
    "purchase_note": "",
    "categories": [
      {
        "name": "Fashion"
      },
      {
        "name": "Kids"
      },
      {
        "name": "Clothing"
      }
    ],
    "tags": [],
    "images": [
      {
        "id": 141,
        "date_created": "2019-07-19T04:54:51",
        "date_created_gmt": "2019-07-19T04:54:51",
        "date_modified": "2019-07-19T04:54:51",
        "date_modified_gmt": "2019-07-19T04:54:51",
        "src": "/vamsi.webp",
        "name": "01",
        "alt": ""
      },
      {
        "id": 186,
        "date_created": "2019-07-19T12:16:45",
        "date_created_gmt": "2019-07-19T12:16:45",
        "date_modified": "2019-07-19T12:16:45",
        "date_modified_gmt": "2019-07-19T12:16:45",
        "src": "/vamsi.webp",
        "name": "02",
        "alt": ""
      },
      {
        "id": 187,
        "date_created": "2019-07-19T12:17:07",
        "date_created_gmt": "2019-07-19T12:17:07",
        "date_modified": "2019-07-19T12:17:07",
        "date_modified_gmt": "2019-07-19T12:17:07",
        "src": "/vamsi.webp",
        "name": "01",
        "alt": ""
      },
      {
        "id": 189,
        "date_created": "2019-07-19T12:17:08",
        "date_created_gmt": "2019-07-19T12:17:08",
        "date_modified": "2019-07-19T12:17:08",
        "date_modified_gmt": "2019-07-19T12:17:08",
        "src": "/vamsi.webp",
        "name": "03",
        "alt": ""
      }
    ],
    "attributes": [
      {
        "id": 1,
        "name": "Color",
        "position": 0,
        "visible": true,
        "variation": true,
        "options": [
          "#0C5A93",
          "#BDBDBD"
        ]
      },
      {
        "id": 2,
        "name": "Size",
        "position": 1,
        "visible": true,
        "variation": true,
        "options": [
          "M",
          "S"
        ]
      },
      {
        "id": 2,
        "name": "Brand",
        "position": 1,
        "visible": true,
        "variation": true,
        "options": [
          "Carter's",
          "Fendi"
        ]
      }
    ],
    "default_attributes": []
  },
  {
    "id": 1,
    "name": "Idalia",
    "slug": "Idalia",
    "date_created": "2019-07-18T07:02:04",
    "date_created_gmt": "2019-07-18T07:02:04",
    "date_modified": "2019-08-27T11:48:15",
    "date_modified_gmt": "2019-08-27T11:48:15",
    "type": "simple",
    "status": "publish",
    "featured": true,
    "catalog_visibility": "visible",
    "description": "Navy Blue and golden printed kurta with palazzos\nNavy Blue and golden printed straight calf length kurta, has a boat neck, three-quarter sleeves, straight hem, multiple slits\nNavy Blue solid skirt with printed detail , has elasticated waistband, slip-on closure",
    "short_description": "Navy Blue and golden printed kurta with palazzos\nNavy Blue and golden printed straight calf length kurta, has a boat neck, three-quarter sleeves, straight hem, multiple slits\nNavy Blue solid skirt with printed detail , has elasticated waistband, slip-on closure",
    "sku": "wp-pennant",
    "price": "14",
    "regular_price": "15",
    "sale_price": "10",
    "date_on_sale_from": null,
    "date_on_sale_from_gmt": null,
    "date_on_sale_to": null,
    "date_on_sale_to_gmt": null,
    "price_html": "<span class=\"woocommerce-Price-amount amount\"><span class=\"woocommerce-Price-currencySymbol\">&#36;</span>15</span>",
    "on_sale": false,
    "purchasable": true,
    "total_sales": 33,
    "virtual": false,
    "downloadable": false,
    "downloads": [],
    "download_limit": 0,
    "download_expiry": 0,
    "external_url": "",
    "button_text": "",
    "tax_status": "taxable",
    "tax_class": "",
    "manage_stock": true,
    "stock_quantity": 67,
    "stock_status": "instock",
    "backorders": "no",
    "backorders_allowed": false,
    "backordered": false,
    "sold_individually": false,
    "weight": "",
    "dimensions": {
      "length": "50",
      "width": "200",
      "height": "500"
    },
    "shipping_required": true,
    "shipping_taxable": true,
    "shipping_class": "",
    "shipping_class_id": 0,
    "reviews_allowed": true,
    "average_rating": "3.00",
    "rating_count": 1,
    "related_ids": [],
    "upsell_ids": [],
    "cross_sell_ids": [],
    "parent_id": 0,
    "purchase_note": "",
    "categories": [
      {
        "name": "Clothing"
      },
      {
        "name": "Fashion"
      },
      {
        "name": "Women"
      }
    ],
    "tags": [],
    "images": [
      {
        "id": 141,
        "date_created": "2019-07-19T04:54:51",
        "date_created_gmt": "2019-07-19T04:54:51",
        "date_modified": "2019-07-19T04:54:51",
        "date_modified_gmt": "2019-07-19T04:54:51",
        "src": "/idalia.webp",
        "name": "01",
        "alt": ""
      },
      {
        "id": 186,
        "date_created": "2019-07-19T12:16:45",
        "date_created_gmt": "2019-07-19T12:16:45",
        "date_modified": "2019-07-19T12:16:45",
        "date_modified_gmt": "2019-07-19T12:16:45",
        "src": "/idalia.webp",
        "name": "02",
        "alt": ""
      },
      {
        "id": 187,
        "date_created": "2019-07-19T12:17:07",
        "date_created_gmt": "2019-07-19T12:17:07",
        "date_modified": "2019-07-19T12:17:07",
        "date_modified_gmt": "2019-07-19T12:17:07",
        "src": "/idalia.webp",
        "name": "01",
        "alt": ""
      },
      {
        "id": 189,
        "date_created": "2019-07-19T12:17:08",
        "date_created_gmt": "2019-07-19T12:17:08",
        "date_modified": "2019-07-19T12:17:08",
        "date_modified_gmt": "2019-07-19T12:17:08",
        "src": "/idalia.webp",
        "name": "03",
        "alt": ""
      },
      {
        "id": 188,
        "date_created": "2019-07-19T12:17:08",
        "date_created_gmt": "2019-07-19T12:17:08",
        "date_modified": "2019-07-19T12:17:08",
        "date_modified_gmt": "2019-07-19T12:17:08",
        "src": "/idalia.webp",
        "name": "02",
        "alt": ""
      },
      {
        "id": 190,
        "date_created": "2019-07-19T12:17:09",
        "date_created_gmt": "2019-07-19T12:17:09",
        "date_modified": "2019-07-19T12:17:09",
        "date_modified_gmt": "2019-07-19T12:17:09",
        "src": "/idalia.webp",
        "name": "04",
        "alt": ""
      }
    ],
    "attributes": [
      {
        "id": 1,
        "name": "Color",
        "position": 0,
        "visible": true,
        "variation": true,
        "options": [
          "#1e73be",
          "#58a80d",
          "#770f0f",
          "#a8a8a8",
          "#dd0202",
          "#eeee22"
        ]
      },
      {
        "id": 2,
        "name": "Size",
        "position": 1,
        "visible": true,
        "variation": true,
        "options": [
          "L",
          "M",
          "S",
          "XL",
          "XXL"
        ]
      },
      {
        "id": 2,
        "name": "Brand",
        "position": 1,
        "visible": true,
        "variation": true,
        "options": [
          "Faballey",
          "Armani"
        ]
      }
    ],
    "default_attributes": []
  },
  {
    "id": 2,
    "name": "Speed X Fashion",
    "date_created": "2019-07-18T07:02:04",
    "date_created_gmt": "2019-07-18T07:02:04",
    "date_modified": "2019-08-27T11:48:15",
    "date_modified_gmt": "2019-08-27T11:48:15",
    "type": "simple",
    "status": "publish",
    "featured": false,
    "catalog_visibility": "visible",
    "description": "Navy Blue and golden printed kurta with palazzos\nNavy Blue and golden printed straight calf length kurta, has a boat neck, three-quarter sleeves, straight hem, multiple slits\nNavy Blue solid skirt with printed detail , has elasticated waistband, slip-on closure",
    "short_description": "Navy Blue and golden printed kurta with palazzos\nNavy Blue and golden printed straight calf length kurta, has a boat neck, three-quarter sleeves, straight hem, multiple slits\nNavy Blue solid skirt with printed detail , has elasticated waistband, slip-on closure",
    "sku": "wp-pennant",
    "price": "14",
    "regular_price": "15",
    "sale_price": "10",
    "date_on_sale_from": null,
    "date_on_sale_from_gmt": null,
    "date_on_sale_to": null,
    "date_on_sale_to_gmt": null,
    "price_html": "<span class=\"woocommerce-Price-amount amount\"><span class=\"woocommerce-Price-currencySymbol\">&#36;</span>15</span>",
    "on_sale": true,
    "purchasable": true,
    "total_sales": 33,
    "virtual": false,
    "downloadable": false,
    "downloads": [],
    "download_limit": 0,
    "download_expiry": 0,
    "external_url": "",
    "button_text": "",
    "tax_status": "taxable",
    "tax_class": "",
    "manage_stock": true,
    "stock_quantity": 67,
    "stock_status": "instock",
    "backorders": "no",
    "backorders_allowed": false,
    "backordered": false,
    "sold_individually": false,
    "weight": "",
    "dimensions": {
      "length": "50",
      "width": "50",
      "height": "30"
    },
    "shipping_required": true,
    "shipping_taxable": true,
    "shipping_class": "",
    "shipping_class_id": 0,
    "reviews_allowed": true,
    "average_rating": "3.00",
    "rating_count": 1,
    "related_ids": [],
    "upsell_ids": [],
    "cross_sell_ids": [],
    "parent_id": 0,
    "purchase_note": "",
    "categories": [
      {
        "name": "Bags"
      },
      {
        "name": "Women"
      }
    ],
    "tags": [],
    "images": [
      {
        "id": 141,
        "date_created": "2019-07-19T04:54:51",
        "date_created_gmt": "2019-07-19T04:54:51",
        "date_modified": "2019-07-19T04:54:51",
        "date_modified_gmt": "2019-07-19T04:54:51",
        "src": "/bag_brwon.jpeg",
        "name": "01",
        "alt": ""
      },
      {
        "id": 186,
        "date_created": "2019-07-19T12:16:45",
        "date_created_gmt": "2019-07-19T12:16:45",
        "date_modified": "2019-07-19T12:16:45",
        "date_modified_gmt": "2019-07-19T12:16:45",
        "src": "/bag_brwon.jpeg",
        "name": "02",
        "alt": ""
      },
      {
        "id": 187,
        "date_created": "2019-07-19T12:17:07",
        "date_created_gmt": "2019-07-19T12:17:07",
        "date_modified": "2019-07-19T12:17:07",
        "date_modified_gmt": "2019-07-19T12:17:07",
        "src": "/bag_brwon.jpeg",
        "name": "01",
        "alt": ""
      },
      {
        "id": 189,
        "date_created": "2019-07-19T12:17:08",
        "date_created_gmt": "2019-07-19T12:17:08",
        "date_modified": "2019-07-19T12:17:08",
        "date_modified_gmt": "2019-07-19T12:17:08",
        "src": "/bag_brwon.jpeg",
        "name": "03",
        "alt": ""
      }
    ],
    "attributes": [
      {
        "id": 1,
        "name": "Color",
        "position": 0,
        "visible": true,
        "variation": true,
        "options": [
          "#1e73be",
          "#58a80d",
          "#770f0f",
          "#a8a8a8",
          "#dd0202",
          "#eeee22"
        ]
      },
      {
        "id": 2,
        "name": "Size",
        "position": 1,
        "visible": true,
        "variation": true,
        "options": [
          "L",
          "M",
          "S",
          "XL",
          "XXL"
        ]
      },
      {
        "id": 2,
        "name": "Brand",
        "position": 1,
        "visible": true,
        "variation": true,
        "options": [
          "Adidas",
          "Nike",
          "FBB"
        ]
      }
    ],
    "default_attributes": []
  },
  {
    "id": 23,
    "name": "Silver Lathered Bag",
    "date_created": "2019-07-18T07:02:04",
    "date_created_gmt": "2019-07-18T07:02:04",
    "date_modified": "2019-08-27T11:48:15",
    "date_modified_gmt": "2019-08-27T11:48:15",
    "type": "simple",
    "status": "publish",
    "featured": false,
    "catalog_visibility": "visible",
    "description": "Navy Blue and golden printed kurta with palazzos\nNavy Blue and golden printed straight calf length kurta, has a boat neck, three-quarter sleeves, straight hem, multiple slits\nNavy Blue solid skirt with printed detail , has elasticated waistband, slip-on closure",
    "short_description": "Navy Blue and golden printed kurta with palazzos\nNavy Blue and golden printed straight calf length kurta, has a boat neck, three-quarter sleeves, straight hem, multiple slits\nNavy Blue solid skirt with printed detail , has elasticated waistband, slip-on closure",
    "sku": "wp-pennant",
    "price": "14",
    "regular_price": "15",
    "sale_price": "10",
    "date_on_sale_from": null,
    "date_on_sale_from_gmt": null,
    "date_on_sale_to": null,
    "date_on_sale_to_gmt": null,
    "price_html": "<span class=\"woocommerce-Price-amount amount\"><span class=\"woocommerce-Price-currencySymbol\">&#36;</span>15</span>",
    "on_sale": true,
    "purchasable": true,
    "total_sales": 33,
    "virtual": false,
    "downloadable": false,
    "downloads": [],
    "download_limit": 0,
    "download_expiry": 0,
    "external_url": "",
    "button_text": "",
    "tax_status": "taxable",
    "tax_class": "",
    "manage_stock": true,
    "stock_quantity": 67,
    "stock_status": "instock",
    "backorders": "no",
    "backorders_allowed": false,
    "backordered": false,
    "sold_individually": false,
    "weight": "",
    "dimensions": {
      "length": "50",
      "width": "50",
      "height": "30"
    },
    "shipping_required": true,
    "shipping_taxable": true,
    "shipping_class": "",
    "shipping_class_id": 0,
    "reviews_allowed": true,
    "average_rating": "3.00",
    "rating_count": 1,
    "related_ids": [],
    "upsell_ids": [],
    "cross_sell_ids": [],
    "parent_id": 0,
    "purchase_note": "",
    "categories": [
      {
        "name": "Bags"
      },
      {
        "name": "Women"
      }
    ],
    "tags": [],
    "images": [
      {
        "id": 141,
        "date_created": "2019-07-19T04:54:51",
        "date_created_gmt": "2019-07-19T04:54:51",
        "date_modified": "2019-07-19T04:54:51",
        "date_modified_gmt": "2019-07-19T04:54:51",
        "src": "/bag_silver.jpeg",
        "name": "01",
        "alt": ""
      },
      {
        "id": 186,
        "date_created": "2019-07-19T12:16:45",
        "date_created_gmt": "2019-07-19T12:16:45",
        "date_modified": "2019-07-19T12:16:45",
        "date_modified_gmt": "2019-07-19T12:16:45",
        "src": "/bag_silver.jpeg",
        "name": "02",
        "alt": ""
      },
      {
        "id": 187,
        "date_created": "2019-07-19T12:17:07",
        "date_created_gmt": "2019-07-19T12:17:07",
        "date_modified": "2019-07-19T12:17:07",
        "date_modified_gmt": "2019-07-19T12:17:07",
        "src": "/bag_silver.jpeg",
        "name": "01",
        "alt": ""
      },
      {
        "id": 189,
        "date_created": "2019-07-19T12:17:08",
        "date_created_gmt": "2019-07-19T12:17:08",
        "date_modified": "2019-07-19T12:17:08",
        "date_modified_gmt": "2019-07-19T12:17:08",
        "src": "/bag_silver.jpeg",
        "name": "03",
        "alt": ""
      }
    ],
    "attributes": [
      {
        "id": 1,
        "name": "Color",
        "position": 0,
        "visible": true,
        "variation": true,
        "options": [
          "#1e73be",
          "#58a80d",
          "#770f0f",
          "#a8a8a8",
          "#dd0202",
          "#eeee22"
        ]
      },
      {
        "id": 2,
        "name": "Size",
        "position": 1,
        "visible": true,
        "variation": true,
        "options": [
          "L",
          "M",
          "S",
          "XL",
          "XXL"
        ]
      },
      {
        "id": 2,
        "name": "Brand",
        "position": 1,
        "visible": true,
        "variation": true,
        "options": [
          "Adidas",
          "Nike",
          "FBB"
        ]
      }
    ],
    "default_attributes": []
  },
  {
    "id": 3,
    "name": "Layasa",
    "date_created": "2019-07-18T07:02:04",
    "date_created_gmt": "2019-07-18T07:02:04",
    "date_modified": "2019-08-27T11:48:15",
    "date_modified_gmt": "2019-08-27T11:48:15",
    "type": "simple",
    "status": "publish",
    "featured": false,
    "catalog_visibility": "visible",
    "description": "Navy Blue and golden printed kurta with palazzos\nNavy Blue and golden printed straight calf length kurta, has a boat neck, three-quarter sleeves, straight hem, multiple slits\nNavy Blue solid skirt with printed detail , has elasticated waistband, slip-on closure",
    "short_description": "Navy Blue and golden printed kurta with palazzos\nNavy Blue and golden printed straight calf length kurta, has a boat neck, three-quarter sleeves, straight hem, multiple slits\nNavy Blue solid skirt with printed detail , has elasticated waistband, slip-on closure",
    "sku": "wp-pennant",
    "price": "13",
    "regular_price": "15",
    "sale_price": "10",
    "date_on_sale_from": null,
    "date_on_sale_from_gmt": null,
    "date_on_sale_to": null,
    "date_on_sale_to_gmt": null,
    "price_html": "<span class=\"woocommerce-Price-amount amount\"><span class=\"woocommerce-Price-currencySymbol\">&#36;</span>15</span>",
    "on_sale": false,
    "purchasable": true,
    "total_sales": 33,
    "virtual": false,
    "downloadable": false,
    "downloads": [],
    "download_limit": 0,
    "download_expiry": 0,
    "external_url": "",
    "button_text": "",
    "tax_status": "taxable",
    "tax_class": "",
    "manage_stock": true,
    "stock_quantity": 67,
    "stock_status": "instock",
    "backorders": "no",
    "backorders_allowed": false,
    "backordered": false,
    "sold_individually": false,
    "weight": "",
    "dimensions": {
      "length": "50",
      "width": "50",
      "height": "30"
    },
    "shipping_required": true,
    "shipping_taxable": true,
    "shipping_class": "",
    "shipping_class_id": 0,
    "reviews_allowed": true,
    "average_rating": "3.00",
    "rating_count": 1,
    "related_ids": [],
    "upsell_ids": [],
    "cross_sell_ids": [],
    "parent_id": 0,
    "purchase_note": "",
    "categories": [
      {
        "name": "Fashion"
      },
      {
        "name": "Men"
      }
    ],
    "tags": [],
    "images": [
      {
        "id": 141,
        "date_created": "2019-07-19T04:54:51",
        "date_created_gmt": "2019-07-19T04:54:51",
        "date_modified": "2019-07-19T04:54:51",
        "date_modified_gmt": "2019-07-19T04:54:51",
        "src": "/shoes.jpeg",
        "name": "01",
        "alt": ""
      },
      {
        "id": 186,
        "date_created": "2019-07-19T12:16:45",
        "date_created_gmt": "2019-07-19T12:16:45",
        "date_modified": "2019-07-19T12:16:45",
        "date_modified_gmt": "2019-07-19T12:16:45",
        "src": "/shoes.jpeg",
        "name": "02",
        "alt": ""
      },
      {
        "id": 187,
        "date_created": "2019-07-19T12:17:07",
        "date_created_gmt": "2019-07-19T12:17:07",
        "date_modified": "2019-07-19T12:17:07",
        "date_modified_gmt": "2019-07-19T12:17:07",
        "src": "/shoes.jpeg",
        "name": "01",
        "alt": ""
      },
      {
        "id": 189,
        "date_created": "2019-07-19T12:17:08",
        "date_created_gmt": "2019-07-19T12:17:08",
        "date_modified": "2019-07-19T12:17:08",
        "date_modified_gmt": "2019-07-19T12:17:08",
        "src": "/shoes.jpeg",
        "name": "03",
        "alt": ""
      }
    ],
    "attributes": [
      {
        "id": 1,
        "name": "Color",
        "position": 0,
        "visible": true,
        "variation": true,
        "options": [
          "#1e73be",
          "#58a80d",
          "#770f0f",
          "#a8a8a8",
          "#dd0202",
          "#eeee22"
        ]
      },
      {
        "id": 2,
        "name": "Size",
        "position": 1,
        "visible": true,
        "variation": true,
        "options": [
          "L",
          "M",
          "S",
          "XL",
          "XXL"
        ]
      },
      {
        "id": 3,
        "name": "Brand",
        "position": 1,
        "visible": true,
        "variation": true,
        "options": [
          "Adidas",
          "Nike"
        ]
      }
    ],
    "default_attributes": []
  },
  {
    "id": 4,
    "name": "Red Black Running Shoes",
    "date_created": "2019-07-18T07:02:04",
    "date_created_gmt": "2019-07-18T07:02:04",
    "date_modified": "2019-08-27T11:48:15",
    "date_modified_gmt": "2019-08-27T11:48:15",
    "type": "simple",
    "status": "publish",
    "featured": true,
    "catalog_visibility": "visible",
    "description": "• Sweat Dispersion: excellent sweat dispersion and Anti-Bacterial so that your feet remain dry and comfortable for longer time period \n• Anti-Skid: The shoes sole is designed after specialized r&d for improved performance in slippery conditions \n• Superior shock absorption: having the capacity to absorb the energy of an impact for improved performance and comfort.\n • Stain reduction: Finley shoes are designed such that they feel natural to your feet and become an extended part of it • Other features- Perfect fit, ankle support, arch support, light weight, high-quality construction.",
    "short_description": "• Sweat Dispersion: excellent sweat dispersion and Anti-Bacterial so that your feet remain dry and comfortable for longer time period \n• Anti-Skid: The shoes sole is designed after specialized r&d for improved performance in slippery conditions \n• Superior shock absorption: having the capacity to absorb the energy of an impact for improved performance and comfort.\n • Stain reduction: Finley shoes are designed such that they feel natural to your feet and become an extended part of it • Other features- Perfect fit, ankle support, arch support, light weight, high-quality construction.",
    "sku": "wp-pennant",
    "price": "16",
    "regular_price": "17",
    "sale_price": "16",
    "date_on_sale_from": null,
    "date_on_sale_from_gmt": null,
    "date_on_sale_to": null,
    "date_on_sale_to_gmt": null,
    "on_sale": true,
    "purchasable": true,
    "total_sales": 33,
    "virtual": false,
    "downloadable": false,
    "downloads": [],
    "download_limit": 0,
    "download_expiry": 0,
    "external_url": "",
    "button_text": "",
    "tax_status": "taxable",
    "tax_class": "",
    "manage_stock": true,
    "stock_quantity": 67,
    "stock_status": "instock",
    "backorders": "no",
    "backorders_allowed": false,
    "backordered": false,
    "sold_individually": false,
    "weight": "",
    "dimensions": {
      "length": "50",
      "width": "50",
      "height": "30"
    },
    "shipping_required": true,
    "shipping_taxable": true,
    "shipping_class": "",
    "shipping_class_id": 0,
    "reviews_allowed": true,
    "average_rating": "3.00",
    "rating_count": 1,
    "related_ids": [],
    "upsell_ids": [],
    "cross_sell_ids": [],
    "parent_id": 0,
    "purchase_note": "",
    "categories": [
      {
        "name": "Fashion"
      },
      {
        "name": "Men"
      },
      {
        "name": "Footwear"
      }
    ],
    "tags": [],
    "images": [
      {
        "id": 141,
        "date_created": "2019-07-19T04:54:51",
        "date_created_gmt": "2019-07-19T04:54:51",
        "date_modified": "2019-07-19T04:54:51",
        "date_modified_gmt": "2019-07-19T04:54:51",
        "src": "/shoes/shoe_1.jpeg",
        "name": "01",
        "alt": ""
      },
      {
        "id": 186,
        "date_created": "2019-07-19T12:16:45",
        "date_created_gmt": "2019-07-19T12:16:45",
        "date_modified": "2019-07-19T12:16:45",
        "date_modified_gmt": "2019-07-19T12:16:45",
        "src": "/shoes/shoe_1.jpeg",
        "name": "02",
        "alt": ""
      },
      {
        "id": 187,
        "date_created": "2019-07-19T12:17:07",
        "date_created_gmt": "2019-07-19T12:17:07",
        "date_modified": "2019-07-19T12:17:07",
        "date_modified_gmt": "2019-07-19T12:17:07",
        "src": "/shoes/shoe_1.jpeg",
        "name": "01",
        "alt": ""
      },
      {
        "id": 189,
        "date_created": "2019-07-19T12:17:08",
        "date_created_gmt": "2019-07-19T12:17:08",
        "date_modified": "2019-07-19T12:17:08",
        "date_modified_gmt": "2019-07-19T12:17:08",
        "src": "/shoes/shoe_1.jpeg",
        "name": "03",
        "alt": ""
      }
    ],
    "attributes": [
      {
        "id": 1,
        "name": "Color",
        "position": 0,
        "visible": true,
        "variation": true,
        "options": [
          "#000000",
          "#0C3A6A"
        ]
      },
      {
        "id": 2,
        "name": "Size",
        "position": 1,
        "visible": true,
        "variation": true,
        "options": [
          "L",
          "M",
          "XL"
        ]
      },
      {
        "id": 3,
        "name": "Brand",
        "position": 1,
        "visible": true,
        "variation": true,
        "options": [
          "Nike",
          "Carter's"
        ]
      }
    ],
    "default_attributes": []
  },
  {
    "id": 5,
    "name": "Black patent shoes",
    "date_created": "2019-07-18T07:02:04",
    "date_created_gmt": "2019-07-18T07:02:04",
    "date_modified": "2019-08-27T11:48:15",
    "date_modified_gmt": "2019-08-27T11:48:15",
    "type": "simple",
    "status": "publish",
    "featured": true,
    "catalog_visibility": "visible",
    "description": "Our Forever Pumps are a classic and elegant style that you will wear season after season. Made in Italy from our velvety suede in rich black, pair features a feminine pointed toe, sculpted cut outs at the side and sits upon a seductive stiletto heel.",
    "short_description": "Our Forever Pumps are a classic and elegant style that you will wear season after season. Made in Italy from our velvety suede in rich black, pair features a feminine pointed toe, sculpted cut outs at the side and sits upon a seductive stiletto heel.",
    "sku": "wp-pennant",
    "price": "13",
    "regular_price": "14",
    "sale_price": "13",
    "date_on_sale_from": null,
    "date_on_sale_from_gmt": null,
    "date_on_sale_to": null,
    "date_on_sale_to_gmt": null,
    "price_html": "<span class=\"woocommerce-Price-amount amount\"><span class=\"woocommerce-Price-currencySymbol\">&#36;</span>15</span>",
    "on_sale": false,
    "purchasable": true,
    "total_sales": 33,
    "virtual": false,
    "downloadable": false,
    "downloads": [],
    "download_limit": 0,
    "download_expiry": 0,
    "external_url": "",
    "button_text": "",
    "tax_status": "taxable",
    "tax_class": "",
    "manage_stock": true,
    "stock_quantity": 67,
    "stock_status": "instock",
    "backorders": "no",
    "backorders_allowed": false,
    "backordered": false,
    "sold_individually": false,
    "weight": "",
    "dimensions": {
      "length": "50",
      "width": "50",
      "height": "30"
    },
    "shipping_required": true,
    "shipping_taxable": true,
    "shipping_class": "",
    "shipping_class_id": 0,
    "reviews_allowed": true,
    "average_rating": "3.00",
    "rating_count": 1,
    "related_ids": [],
    "upsell_ids": [],
    "cross_sell_ids": [],
    "parent_id": 0,
    "purchase_note": "",
    "categories": [
      {
        "name": "Fashion"
      },
      {
        "name": "Women"
      },
      {
        "name": "Footwear"
      }
    ],
    "tags": [],
    "images": [
      {
        "id": 141,
        "date_created": "2019-07-19T04:54:51",
        "date_created_gmt": "2019-07-19T04:54:51",
        "date_modified": "2019-07-19T04:54:51",
        "date_modified_gmt": "2019-07-19T04:54:51",
        "src": "/shoes/shoe_3.jpeg",
        "name": "01",
        "alt": ""
      },
      {
        "id": 186,
        "date_created": "2019-07-19T12:16:45",
        "date_created_gmt": "2019-07-19T12:16:45",
        "date_modified": "2019-07-19T12:16:45",
        "date_modified_gmt": "2019-07-19T12:16:45",
        "src": "/shoes/shoe_3.jpeg",
        "name": "02",
        "alt": ""
      },
      {
        "id": 187,
        "date_created": "2019-07-19T12:17:07",
        "date_created_gmt": "2019-07-19T12:17:07",
        "date_modified": "2019-07-19T12:17:07",
        "date_modified_gmt": "2019-07-19T12:17:07",
        "src": "/shoes/shoe_3.jpeg",
        "name": "01",
        "alt": ""
      },
      {
        "id": 189,
        "date_created": "2019-07-19T12:17:08",
        "date_created_gmt": "2019-07-19T12:17:08",
        "date_modified": "2019-07-19T12:17:08",
        "date_modified_gmt": "2019-07-19T12:17:08",
        "src": "/shoes/shoe_3.jpeg",
        "name": "03",
        "alt": ""
      }
    ],
    "attributes": [
      {
        "id": 1,
        "name": "Color",
        "position": 0,
        "visible": true,
        "variation": true,
        "options": [
          "#000000"
        ]
      },
      {
        "id": 2,
        "name": "Size",
        "position": 1,
        "visible": true,
        "variation": true,
        "options": [
          "L",
          "M",
          "S"
        ]
      }
    ],
    "default_attributes": []
  },
  {
    "id": 6,
    "name": "High shoes",
    "date_created": "2019-07-18T07:02:04",
    "date_created_gmt": "2019-07-18T07:02:04",
    "date_modified": "2019-08-27T11:48:15",
    "date_modified_gmt": "2019-08-27T11:48:15",
    "type": "simple",
    "status": "publish",
    "featured": true,
    "catalog_visibility": "visible",
    "description": "Our Forever Pumps are a classic and elegant style that you will wear season after season. Made in Italy from our velvety suede in rich black, pair features a feminine pointed toe, sculpted cut outs at the side and sits upon a seductive stiletto heel.",
    "short_description": "Our Forever Pumps are a classic and elegant style that you will wear season after season. Made in Italy from our velvety suede in rich black, pair features a feminine pointed toe, sculpted cut outs at the side and sits upon a seductive stiletto heel.",
    "sku": "wp-pennant",
    "price": "19",
    "regular_price": "20",
    "sale_price": "15",
    "date_on_sale_from": null,
    "date_on_sale_from_gmt": null,
    "date_on_sale_to": null,
    "date_on_sale_to_gmt": null,
    "price_html": "<span class=\"woocommerce-Price-amount amount\"><span class=\"woocommerce-Price-currencySymbol\">&#36;</span>15</span>",
    "on_sale": true,
    "purchasable": true,
    "total_sales": 33,
    "virtual": false,
    "downloadable": false,
    "downloads": [],
    "download_limit": 0,
    "download_expiry": 0,
    "external_url": "",
    "button_text": "",
    "tax_status": "taxable",
    "tax_class": "",
    "manage_stock": true,
    "stock_quantity": 67,
    "stock_status": "instock",
    "backorders": "no",
    "backorders_allowed": false,
    "backordered": false,
    "sold_individually": false,
    "weight": "",
    "dimensions": {
      "length": "50",
      "width": "50",
      "height": "30"
    },
    "shipping_required": true,
    "shipping_taxable": true,
    "shipping_class": "",
    "shipping_class_id": 0,
    "reviews_allowed": true,
    "average_rating": "3.00",
    "rating_count": 1,
    "related_ids": [],
    "upsell_ids": [],
    "cross_sell_ids": [],
    "parent_id": 0,
    "purchase_note": "",
    "categories": [
      {
        "name": "Fashion"
      },
      {
        "name": "Women"
      },
      {
        "name": "Footwear"
      }
    ],
    "tags": [],
    "images": [
      {
        "id": 141,
        "date_created": "2019-07-19T04:54:51",
        "date_created_gmt": "2019-07-19T04:54:51",
        "date_modified": "2019-07-19T04:54:51",
        "date_modified_gmt": "2019-07-19T04:54:51",
        "src": "/shoes/shoe_2.jpeg",
        "name": "01",
        "alt": ""
      },
      {
        "id": 186,
        "date_created": "2019-07-19T12:16:45",
        "date_created_gmt": "2019-07-19T12:16:45",
        "date_modified": "2019-07-19T12:16:45",
        "date_modified_gmt": "2019-07-19T12:16:45",
        "src": "/shoes/shoe_2.jpeg",
        "name": "02",
        "alt": ""
      },
      {
        "id": 187,
        "date_created": "2019-07-19T12:17:07",
        "date_created_gmt": "2019-07-19T12:17:07",
        "date_modified": "2019-07-19T12:17:07",
        "date_modified_gmt": "2019-07-19T12:17:07",
        "src": "/shoes/shoe_2.jpeg",
        "name": "01",
        "alt": ""
      },
      {
        "id": 189,
        "date_created": "2019-07-19T12:17:08",
        "date_created_gmt": "2019-07-19T12:17:08",
        "date_modified": "2019-07-19T12:17:08",
        "date_modified_gmt": "2019-07-19T12:17:08",
        "src": "/shoes/shoe_2.jpeg",
        "name": "03",
        "alt": ""
      }
    ],
    "attributes": [
      {
        "id": 1,
        "name": "Color",
        "position": 0,
        "visible": true,
        "variation": true,
        "options": [
          "#000000",
          "#FF220F09"
        ]
      },
      {
        "id": 2,
        "name": "Size",
        "position": 1,
        "visible": true,
        "variation": true,
        "options": [
          "L",
          "M",
          "S",
          "XL"
        ]
      },
      {
        "id": 2,
        "name": "Brand",
        "position": 1,
        "visible": true,
        "variation": true,
        "options": [
          "Adidas",
          "Nike"
        ]
      }
    ],
    "default_attributes": []
  },
  {
    "id": 7,
    "name": "Black & White Sport shoes",
    "date_created": "2019-07-18T07:02:04",
    "date_created_gmt": "2019-07-18T07:02:04",
    "date_modified": "2019-08-27T11:48:15",
    "date_modified_gmt": "2019-08-27T11:48:15",
    "type": "simple",
    "status": "publish",
    "featured": true,
    "catalog_visibility": "visible",
    "description": "Our Forever Pumps are a classic and elegant style that you will wear season after season. Made in Italy from our velvety suede in rich black, pair features a feminine pointed toe, sculpted cut outs at the side and sits upon a seductive stiletto heel.",
    "short_description": "Our Forever Pumps are a classic and elegant style that you will wear season after season. Made in Italy from our velvety suede in rich black, pair features a feminine pointed toe, sculpted cut outs at the side and sits upon a seductive stiletto heel.",
    "sku": "wp-pennant",
    "price": "21",
    "regular_price": "21",
    "sale_price": "16",
    "date_on_sale_from": null,
    "date_on_sale_from_gmt": null,
    "date_on_sale_to": null,
    "date_on_sale_to_gmt": null,
    "price_html": "<span class=\"woocommerce-Price-amount amount\"><span class=\"woocommerce-Price-currencySymbol\">&#36;</span>15</span>",
    "on_sale": false,
    "purchasable": true,
    "total_sales": 33,
    "virtual": false,
    "downloadable": false,
    "downloads": [],
    "download_limit": 0,
    "download_expiry": 0,
    "external_url": "",
    "button_text": "",
    "tax_status": "taxable",
    "tax_class": "",
    "manage_stock": true,
    "stock_quantity": 67,
    "stock_status": "instock",
    "backorders": "no",
    "backorders_allowed": false,
    "backordered": false,
    "sold_individually": false,
    "weight": "",
    "dimensions": {
      "length": "50",
      "width": "50",
      "height": "30"
    },
    "shipping_required": true,
    "shipping_taxable": true,
    "shipping_class": "",
    "shipping_class_id": 0,
    "reviews_allowed": true,
    "average_rating": "3.00",
    "rating_count": 1,
    "related_ids": [],
    "upsell_ids": [],
    "cross_sell_ids": [],
    "parent_id": 0,
    "purchase_note": "",
    "categories": [
      {
        "name": "Fashion"
      },
      {
        "name": "Men"
      },
      {
        "name": "Footwear"
      },
      {
        "name": "Sport"
      }
    ],
    "tags": [],
    "images": [
      {
        "id": 141,
        "date_created": "2019-07-19T04:54:51",
        "date_created_gmt": "2019-07-19T04:54:51",
        "date_modified": "2019-07-19T04:54:51",
        "date_modified_gmt": "2019-07-19T04:54:51",
        "src": "/shoes/shoe_4.jpeg",
        "name": "01",
        "alt": ""
      },
      {
        "id": 186,
        "date_created": "2019-07-19T12:16:45",
        "date_created_gmt": "2019-07-19T12:16:45",
        "date_modified": "2019-07-19T12:16:45",
        "date_modified_gmt": "2019-07-19T12:16:45",
        "src": "/shoes/shoe_4.jpeg",
        "name": "02",
        "alt": ""
      },
      {
        "id": 187,
        "date_created": "2019-07-19T12:17:07",
        "date_created_gmt": "2019-07-19T12:17:07",
        "date_modified": "2019-07-19T12:17:07",
        "date_modified_gmt": "2019-07-19T12:17:07",
        "src": "/shoes/shoe_4.jpeg",
        "name": "01",
        "alt": ""
      },
      {
        "id": 189,
        "date_created": "2019-07-19T12:17:08",
        "date_created_gmt": "2019-07-19T12:17:08",
        "date_modified": "2019-07-19T12:17:08",
        "date_modified_gmt": "2019-07-19T12:17:08",
        "src": "/shoes/shoe_4.jpeg",
        "name": "03",
        "alt": ""
      }
    ],
    "attributes": [
      {
        "id": 1,
        "name": "Color",
        "position": 0,
        "visible": true,
        "variation": true,
        "options": [
          "#000000",
          "#FF220F09"
        ]
      },
      {
        "id": 2,
        "name": "Size",
        "position": 1,
        "visible": true,
        "variation": true,
        "options": [
          "L",
          "M",
          "S",
          "XL"
        ]
      },{
        "id": 3,
        "name": "Brand",
        "position": 1,
        "visible": true,
        "variation": true,
        "options": [
          "Nike"
        ]
      }
    ],
    "default_attributes": []
  },
  {
    "id": 8,
    "name": "White Trendy Shoes",
    "date_created": "2019-07-18T07:02:04",
    "date_created_gmt": "2019-07-18T07:02:04",
    "date_modified": "2019-08-27T11:48:15",
    "date_modified_gmt": "2019-08-27T11:48:15",
    "type": "simple",
    "status": "publish",
    "featured": true,
    "catalog_visibility": "visible",
    "description": "Our Forever Pumps are a classic and elegant style that you will wear season after season. Made in Italy from our velvety suede in rich black, pair features a feminine pointed toe, sculpted cut outs at the side and sits upon a seductive stiletto heel.",
    "short_description": "Our Forever Pumps are a classic and elegant style that you will wear season after season. Made in Italy from our velvety suede in rich black, pair features a feminine pointed toe, sculpted cut outs at the side and sits upon a seductive stiletto heel.",
    "sku": "wp-pennant",
    "price": "11",
    "regular_price": "12",
    "sale_price": "11",
    "date_on_sale_from": null,
    "date_on_sale_from_gmt": null,
    "date_on_sale_to": null,
    "date_on_sale_to_gmt": null,
    "price_html": "<span class=\"woocommerce-Price-amount amount\"><span class=\"woocommerce-Price-currencySymbol\">&#36;</span>15</span>",
    "on_sale": false,
    "purchasable": true,
    "total_sales": 33,
    "virtual": false,
    "downloadable": false,
    "downloads": [],
    "download_limit": 0,
    "download_expiry": 0,
    "external_url": "",
    "button_text": "",
    "tax_status": "taxable",
    "tax_class": "",
    "manage_stock": true,
    "stock_quantity": 67,
    "stock_status": "instock",
    "backorders": "no",
    "backorders_allowed": false,
    "backordered": false,
    "sold_individually": false,
    "weight": "",
    "dimensions": {
      "length": "50",
      "width": "50",
      "height": "30"
    },
    "shipping_required": true,
    "shipping_taxable": true,
    "shipping_class": "",
    "shipping_class_id": 0,
    "reviews_allowed": true,
    "average_rating": "3.00",
    "rating_count": 1,
    "related_ids": [],
    "upsell_ids": [],
    "cross_sell_ids": [],
    "parent_id": 0,
    "purchase_note": "",
    "categories": [
      {
        "name": "Fashion"
      },
      {
        "name": "Men"
      },
      {
        "name": "Footwear"
      },
      {
        "name": "Sport"
      }
    ],
    "tags": [],
    "images": [
      {
        "id": 141,
        "date_created": "2019-07-19T04:54:51",
        "date_created_gmt": "2019-07-19T04:54:51",
        "date_modified": "2019-07-19T04:54:51",
        "date_modified_gmt": "2019-07-19T04:54:51",
        "src": "/shoes/shoe_5.jpeg",
        "name": "01",
        "alt": ""
      },
      {
        "id": 186,
        "date_created": "2019-07-19T12:16:45",
        "date_created_gmt": "2019-07-19T12:16:45",
        "date_modified": "2019-07-19T12:16:45",
        "date_modified_gmt": "2019-07-19T12:16:45",
        "src": "/shoes/shoe_5.jpeg",
        "name": "02",
        "alt": ""
      },
      {
        "id": 187,
        "date_created": "2019-07-19T12:17:07",
        "date_created_gmt": "2019-07-19T12:17:07",
        "date_modified": "2019-07-19T12:17:07",
        "date_modified_gmt": "2019-07-19T12:17:07",
        "src": "/shoes/shoe_5.jpeg",
        "name": "01",
        "alt": ""
      },
      {
        "id": 189,
        "date_created": "2019-07-19T12:17:08",
        "date_created_gmt": "2019-07-19T12:17:08",
        "date_modified": "2019-07-19T12:17:08",
        "date_modified_gmt": "2019-07-19T12:17:08",
        "src": "/shoes/shoe_5.jpeg",
        "name": "03",
        "alt": ""
      }
    ],
    "attributes": [
      {
        "id": 1,
        "name": "Color",
        "position": 0,
        "visible": true,
        "variation": true,
        "options": [
          "#BDBDBD",
          "#FF220F09"
        ]
      },
      {
        "id": 2,
        "name": "Size",
        "position": 1,
        "visible": true,
        "variation": true,
        "options": [
          "L",
          "M",
          "S",
          "XL"
        ]
      },
      {
        "id": 2,
        "name": "Brand",
        "position": 1,
        "visible": true,
        "variation": true,
        "options": [
          "Adidas",
          "Nike"
        ]
      }
    ],
    "default_attributes": []
  },
  {
    "id": 9,
    "name": "Black Classy Shoes",
    "date_created": "2019-07-18T07:02:04",
    "date_created_gmt": "2019-07-18T07:02:04",
    "date_modified": "2019-08-27T11:48:15",
    "date_modified_gmt": "2019-08-27T11:48:15",
    "type": "simple",
    "status": "publish",
    "featured": true,
    "catalog_visibility": "visible",
    "description": "Our Forever Pumps are a classic and elegant style that you will wear season after season. Made in Italy from our velvety suede in rich black, pair features a feminine pointed toe, sculpted cut outs at the side and sits upon a seductive stiletto heel.",
    "short_description": "Our Forever Pumps are a classic and elegant style that you will wear season after season. Made in Italy from our velvety suede in rich black, pair features a feminine pointed toe, sculpted cut outs at the side and sits upon a seductive stiletto heel.",
    "sku": "wp-pennant",
    "price": "14",
    "regular_price": "15",
    "sale_price": "11",
    "date_on_sale_from": null,
    "date_on_sale_from_gmt": null,
    "date_on_sale_to": null,
    "date_on_sale_to_gmt": null,
    "price_html": "<span class=\"woocommerce-Price-amount amount\"><span class=\"woocommerce-Price-currencySymbol\">&#36;</span>15</span>",
    "on_sale": true,
    "purchasable": true,
    "total_sales": 33,
    "virtual": false,
    "downloadable": false,
    "downloads": [],
    "download_limit": 0,
    "download_expiry": 0,
    "external_url": "",
    "button_text": "",
    "tax_status": "taxable",
    "tax_class": "",
    "manage_stock": true,
    "stock_quantity": 67,
    "stock_status": "instock",
    "backorders": "no",
    "backorders_allowed": false,
    "backordered": false,
    "sold_individually": false,
    "weight": "",
    "dimensions": {
      "length": "50",
      "width": "50",
      "height": "30"
    },
    "shipping_required": true,
    "shipping_taxable": true,
    "shipping_class": "",
    "shipping_class_id": 0,
    "reviews_allowed": true,
    "average_rating": "3.00",
    "rating_count": 1,
    "related_ids": [],
    "upsell_ids": [],
    "cross_sell_ids": [],
    "parent_id": 0,
    "purchase_note": "",
    "categories": [
      {
        "name": "Fashion"
      },
      {
        "name": "Men"
      },
      {
        "name": "Footwear"
      }
    ],
    "tags": [],
    "images": [
      {
        "id": 141,
        "date_created": "2019-07-19T04:54:51",
        "date_created_gmt": "2019-07-19T04:54:51",
        "date_modified": "2019-07-19T04:54:51",
        "date_modified_gmt": "2019-07-19T04:54:51",
        "src": "/shoes/shoe_6.jpeg",
        "name": "01",
        "alt": ""
      },
      {
        "id": 186,
        "date_created": "2019-07-19T12:16:45",
        "date_created_gmt": "2019-07-19T12:16:45",
        "date_modified": "2019-07-19T12:16:45",
        "date_modified_gmt": "2019-07-19T12:16:45",
        "src": "/shoes/shoe_6.jpeg",
        "name": "02",
        "alt": ""
      },
      {
        "id": 187,
        "date_created": "2019-07-19T12:17:07",
        "date_created_gmt": "2019-07-19T12:17:07",
        "date_modified": "2019-07-19T12:17:07",
        "date_modified_gmt": "2019-07-19T12:17:07",
        "src": "/shoes/shoe_6.jpeg",
        "name": "01",
        "alt": ""
      },
      {
        "id": 189,
        "date_created": "2019-07-19T12:17:08",
        "date_created_gmt": "2019-07-19T12:17:08",
        "date_modified": "2019-07-19T12:17:08",
        "date_modified_gmt": "2019-07-19T12:17:08",
        "src": "/shoes/shoe_6.jpeg",
        "name": "03",
        "alt": ""
      }
    ],
    "attributes": [
      {
        "id": 1,
        "name": "Color",
        "position": 0,
        "visible": true,
        "variation": true,
        "options": [
          "#000000",
          "#0C3A6A"
        ]
      },
      {
        "id": 2,
        "name": "Size",
        "position": 1,
        "visible": true,
        "variation": true,
        "options": [
          "L",
          "M",
          "S",
          "XL"
        ]
      },
      {
        "id": 2,
        "name": "Brand",
        "position": 1,
        "visible": true,
        "variation": true,
        "options": [
          "Adidas",
          "Nike"
        ]
      }
    ],
    "default_attributes": []
  },
  {
    "id": 10,
    "name": "Black High Heels",
    "date_created": "2019-07-18T07:02:04",
    "date_created_gmt": "2019-07-18T07:02:04",
    "date_modified": "2019-08-27T11:48:15",
    "date_modified_gmt": "2019-08-27T11:48:15",
    "type": "simple",
    "status": "publish",
    "featured": true,
    "catalog_visibility": "visible",
    "description": "Our Forever Pumps are a classic and elegant style that you will wear season after season. Made in Italy from our velvety suede in rich black, pair features a feminine pointed toe, sculpted cut outs at the side and sits upon a seductive stiletto heel.",
    "short_description": "Our Forever Pumps are a classic and elegant style that you will wear season after season. Made in Italy from our velvety suede in rich black, pair features a feminine pointed toe, sculpted cut outs at the side and sits upon a seductive stiletto heel.",
    "sku": "wp-pennant",
    "price": "20",
    "regular_price": "21",
    "sale_price": "17",
    "date_on_sale_from": null,
    "date_on_sale_from_gmt": null,
    "date_on_sale_to": null,
    "date_on_sale_to_gmt": null,
    "price_html": "<span class=\"woocommerce-Price-amount amount\"><span class=\"woocommerce-Price-currencySymbol\">&#36;</span>15</span>",
    "on_sale": false,
    "purchasable": true,
    "total_sales": 33,
    "virtual": false,
    "downloadable": false,
    "downloads": [],
    "download_limit": 0,
    "download_expiry": 0,
    "external_url": "",
    "button_text": "",
    "tax_status": "taxable",
    "tax_class": "",
    "manage_stock": true,
    "stock_quantity": 67,
    "stock_status": "instock",
    "backorders": "no",
    "backorders_allowed": false,
    "backordered": false,
    "sold_individually": false,
    "weight": "",
    "dimensions": {
      "length": "50",
      "width": "50",
      "height": "30"
    },
    "shipping_required": true,
    "shipping_taxable": true,
    "shipping_class": "",
    "shipping_class_id": 0,
    "reviews_allowed": true,
    "average_rating": "3.00",
    "rating_count": 1,
    "related_ids": [],
    "upsell_ids": [],
    "cross_sell_ids": [],
    "parent_id": 0,
    "purchase_note": "",
    "categories": [
      {
        "name": "Fashion"
      },
      {
        "name": "Women"
      },
      {
        "name": "Footwear"
      }
    ],
    "tags": [],
    "images": [
      {
        "id": 141,
        "date_created": "2019-07-19T04:54:51",
        "date_created_gmt": "2019-07-19T04:54:51",
        "date_modified": "2019-07-19T04:54:51",
        "date_modified_gmt": "2019-07-19T04:54:51",
        "src": "/shoes/shoe_8.jpeg",
        "name": "01",
        "alt": ""
      },
      {
        "id": 186,
        "date_created": "2019-07-19T12:16:45",
        "date_created_gmt": "2019-07-19T12:16:45",
        "date_modified": "2019-07-19T12:16:45",
        "date_modified_gmt": "2019-07-19T12:16:45",
        "src": "/shoes/shoe_8.jpeg",
        "name": "02",
        "alt": ""
      },
      {
        "id": 187,
        "date_created": "2019-07-19T12:17:07",
        "date_created_gmt": "2019-07-19T12:17:07",
        "date_modified": "2019-07-19T12:17:07",
        "date_modified_gmt": "2019-07-19T12:17:07",
        "src": "/shoes/shoe_8.jpeg",
        "name": "01",
        "alt": ""
      },
      {
        "id": 189,
        "date_created": "2019-07-19T12:17:08",
        "date_created_gmt": "2019-07-19T12:17:08",
        "date_modified": "2019-07-19T12:17:08",
        "date_modified_gmt": "2019-07-19T12:17:08",
        "src": "/shoes/shoe_6.jpeg",
        "name": "03",
        "alt": ""
      }
    ],
    "attributes": [
      {
        "id": 1,
        "name": "Color",
        "position": 0,
        "visible": true,
        "variation": true,
        "options": [
          "#000000",
          "#BDBDBD"
        ]
      },
      {
        "id": 2,
        "name": "Size",
        "position": 1,
        "visible": true,
        "variation": true,
        "options": [
          "L",
          "M",
          "S",
          "XL"
        ]
      },
      {
        "id": 2,
        "name": "Brand",
        "position": 1,
        "visible": true,
        "variation": true,
        "options": [
          "Adidas",
          "Nike"
        ]
      }
    ],
    "default_attributes": []
  },
  {
    "id": 11,
    "name": "Black Simple Dress",
    "date_created": "2019-07-18T07:02:04",
    "date_created_gmt": "2019-07-18T07:02:04",
    "date_modified": "2019-08-27T11:48:15",
    "date_modified_gmt": "2019-08-27T11:48:15",
    "type": "simple",
    "status": "publish",
    "featured": true,
    "catalog_visibility": "visible",
    "description": "This adorable dress features denim fabric, round neck, short sleeve styling, solid color design, back zipper closure. Matching bet included. Make sure to add it to your wardrobe and you will love it.",
    "short_description": "This adorable dress features denim fabric, round neck, short sleeve styling, solid color design, back zipper closure. Matching bet included. Make sure to add it to your wardrobe and you will love it.",
    "sku": "wp-pennant",
    "price": "8",
    "regular_price": "9",
    "sale_price": "8",
    "date_on_sale_from": null,
    "date_on_sale_from_gmt": null,
    "date_on_sale_to": null,
    "date_on_sale_to_gmt": null,
    "price_html": "<span class=\"woocommerce-Price-amount amount\"><span class=\"woocommerce-Price-currencySymbol\">&#36;</span>15</span>",
    "on_sale": false,
    "purchasable": true,
    "total_sales": 33,
    "virtual": false,
    "downloadable": false,
    "downloads": [],
    "download_limit": 0,
    "download_expiry": 0,
    "external_url": "",
    "button_text": "",
    "tax_status": "taxable",
    "tax_class": "",
    "manage_stock": true,
    "stock_quantity": 67,
    "stock_status": "instock",
    "backorders": "no",
    "backorders_allowed": false,
    "backordered": false,
    "sold_individually": false,
    "weight": "",
    "dimensions": {
      "length": "50",
      "width": "50",
      "height": "30"
    },
    "shipping_required": true,
    "shipping_taxable": true,
    "shipping_class": "",
    "shipping_class_id": 0,
    "reviews_allowed": true,
    "average_rating": "3.00",
    "rating_count": 1,
    "related_ids": [],
    "upsell_ids": [],
    "cross_sell_ids": [],
    "parent_id": 0,
    "purchase_note": "",
    "categories": [
      {
        "name": "Fashion"
      },
      {
        "name": "Women"
      },
      {
        "name": "Clothing"
      }
    ],
    "tags": [],
    "images": [
      {
        "id": 141,
        "date_created": "2019-07-19T04:54:51",
        "date_created_gmt": "2019-07-19T04:54:51",
        "date_modified": "2019-07-19T04:54:51",
        "date_modified_gmt": "2019-07-19T04:54:51",
        "src": "/dress/dress_1.jpeg",
        "name": "01",
        "alt": ""
      },
      {
        "id": 186,
        "date_created": "2019-07-19T12:16:45",
        "date_created_gmt": "2019-07-19T12:16:45",
        "date_modified": "2019-07-19T12:16:45",
        "date_modified_gmt": "2019-07-19T12:16:45",
        "src": "/dress/dress_1.jpeg",
        "name": "02",
        "alt": ""
      },
      {
        "id": 187,
        "date_created": "2019-07-19T12:17:07",
        "date_created_gmt": "2019-07-19T12:17:07",
        "date_modified": "2019-07-19T12:17:07",
        "date_modified_gmt": "2019-07-19T12:17:07",
        "src": "/dress/dress_1.jpeg",
        "name": "01",
        "alt": ""
      },
      {
        "id": 189,
        "date_created": "2019-07-19T12:17:08",
        "date_created_gmt": "2019-07-19T12:17:08",
        "date_modified": "2019-07-19T12:17:08",
        "date_modified_gmt": "2019-07-19T12:17:08",
        "src": "/dress/dress_1.jpeg",
        "name": "03",
        "alt": ""
      }
    ],
    "attributes": [
      {
        "id": 1,
        "name": "Color",
        "position": 0,
        "visible": true,
        "variation": true,
        "options": [
          "#0C5A93",
          "#BDBDBD"
        ]
      },
      {
        "id": 2,
        "name": "Size",
        "position": 1,
        "visible": true,
        "variation": true,
        "options": [
          "L",
          "M",
          "S",
          "XL",
          "XXL"
        ]
      },
      {
        "id": 2,
        "name": "Brand",
        "position": 1,
        "visible": true,
        "variation": true,
        "options": [
          "Zara"
        ]
      }
    ],
    "default_attributes": []
  },
  {
    "id": 12,
    "name": "Blue Denim Dress",
    "date_created": "2019-07-18T07:02:04",
    "date_created_gmt": "2019-07-18T07:02:04",
    "date_modified": "2019-08-27T11:48:15",
    "date_modified_gmt": "2019-08-27T11:48:15",
    "type": "simple",
    "status": "publish",
    "featured": true,
    "catalog_visibility": "visible",
    "description": "This adorable dress features denim fabric, round neck, short sleeve styling, solid color design, back zipper closure. Matching bet included. Make sure to add it to your wardrobe and you will love it.",
    "short_description": "This adorable dress features denim fabric, round neck, short sleeve styling, solid color design, back zipper closure. Matching bet included. Make sure to add it to your wardrobe and you will love it.",
    "sku": "wp-pennant",
    "price": "12",
    "regular_price": "13",
    "sale_price": "12",
    "date_on_sale_from": null,
    "date_on_sale_from_gmt": null,
    "date_on_sale_to": null,
    "date_on_sale_to_gmt": null,
    "price_html": "<span class=\"woocommerce-Price-amount amount\"><span class=\"woocommerce-Price-currencySymbol\">&#36;</span>15</span>",
    "on_sale": true,
    "purchasable": true,
    "total_sales": 33,
    "virtual": false,
    "downloadable": false,
    "downloads": [],
    "download_limit": 0,
    "download_expiry": 0,
    "external_url": "",
    "button_text": "",
    "tax_status": "taxable",
    "tax_class": "",
    "manage_stock": true,
    "stock_quantity": 67,
    "stock_status": "instock",
    "backorders": "no",
    "backorders_allowed": false,
    "backordered": false,
    "sold_individually": false,
    "weight": "",
    "dimensions": {
      "length": "50",
      "width": "50",
      "height": "30"
    },
    "shipping_required": true,
    "shipping_taxable": true,
    "shipping_class": "",
    "shipping_class_id": 0,
    "reviews_allowed": true,
    "average_rating": "3.00",
    "rating_count": 1,
    "related_ids": [],
    "upsell_ids": [],
    "cross_sell_ids": [],
    "parent_id": 0,
    "purchase_note": "",
    "categories": [
      {
        "name": "Fashion"
      },
      {
        "name": "Women"
      },
      {
        "name": "Clothing"
      }
    ],
    "tags": [],
    "images": [
      {
        "id": 141,
        "date_created": "2019-07-19T04:54:51",
        "date_created_gmt": "2019-07-19T04:54:51",
        "date_modified": "2019-07-19T04:54:51",
        "date_modified_gmt": "2019-07-19T04:54:51",
        "src": "/dress/dress_6.jpeg",
        "name": "01",
        "alt": ""
      },
      {
        "id": 186,
        "date_created": "2019-07-19T12:16:45",
        "date_created_gmt": "2019-07-19T12:16:45",
        "date_modified": "2019-07-19T12:16:45",
        "date_modified_gmt": "2019-07-19T12:16:45",
        "src": "/dress/dress_6.jpeg",
        "name": "02",
        "alt": ""
      },
      {
        "id": 187,
        "date_created": "2019-07-19T12:17:07",
        "date_created_gmt": "2019-07-19T12:17:07",
        "date_modified": "2019-07-19T12:17:07",
        "date_modified_gmt": "2019-07-19T12:17:07",
        "src": "/dress/dress_6.jpeg",
        "name": "01",
        "alt": ""
      },
      {
        "id": 189,
        "date_created": "2019-07-19T12:17:08",
        "date_created_gmt": "2019-07-19T12:17:08",
        "date_modified": "2019-07-19T12:17:08",
        "date_modified_gmt": "2019-07-19T12:17:08",
        "src": "/dress/dress_6.jpeg",
        "name": "03",
        "alt": ""
      }
    ],
    "attributes": [
      {
        "id": 1,
        "name": "Color",
        "position": 0,
        "visible": true,
        "variation": true,
        "options": [
          "#0C5A93",
          "#BDBDBD"
        ]
      },
      {
        "id": 2,
        "name": "Size",
        "position": 1,
        "visible": true,
        "variation": true,
        "options": [
          "L",
          "M",
          "S",
          "XL",
          "XXL"
        ]
      },
      {
        "id": 2,
        "name": "Brand",
        "position": 1,
        "visible": true,
        "variation": true,
        "options": [
          "Zara",
          "Fendi",
          "Armani"
        ]
      }
    ],
    "default_attributes": []
  },
  {
    "id": 13,
    "name": "Baby Dress",
    "date_created": "2019-07-18T07:02:04",
    "date_created_gmt": "2019-07-18T07:02:04",
    "date_modified": "2019-08-27T11:48:15",
    "date_modified_gmt": "2019-08-27T11:48:15",
    "type": "simple",
    "status": "publish",
    "featured": true,
    "catalog_visibility": "visible",
    "description": "This adorable dress features denim fabric, round neck, short sleeve styling, solid color design, back zipper closure. Matching bet included. Make sure to add it to your wardrobe and you will love it.",
    "short_description": "This adorable dress features denim fabric, round neck, short sleeve styling, solid color design, back zipper closure. Matching bet included. Make sure to add it to your wardrobe and you will love it.",
    "sku": "wp-pennant",
    "price": "19",
    "regular_price": "22",
    "sale_price": "18",
    "date_on_sale_from": null,
    "date_on_sale_from_gmt": null,
    "date_on_sale_to": null,
    "date_on_sale_to_gmt": null,
    "price_html": "<span class=\"woocommerce-Price-amount amount\"><span class=\"woocommerce-Price-currencySymbol\">&#36;</span>15</span>",
    "on_sale": false,
    "purchasable": true,
    "total_sales": 33,
    "virtual": false,
    "downloadable": false,
    "downloads": [],
    "download_limit": 0,
    "download_expiry": 0,
    "external_url": "",
    "button_text": "",
    "tax_status": "taxable",
    "tax_class": "",
    "manage_stock": true,
    "stock_quantity": 67,
    "stock_status": "instock",
    "backorders": "no",
    "backorders_allowed": false,
    "backordered": false,
    "sold_individually": false,
    "weight": "",
    "dimensions": {
      "length": "50",
      "width": "50",
      "height": "30"
    },
    "shipping_required": true,
    "shipping_taxable": true,
    "shipping_class": "",
    "shipping_class_id": 0,
    "reviews_allowed": true,
    "average_rating": "3.00",
    "rating_count": 1,
    "related_ids": [],
    "upsell_ids": [],
    "cross_sell_ids": [],
    "parent_id": 0,
    "purchase_note": "",
    "categories": [
      {
        "name": "Fashion"
      },
      {
        "name": "Kids"
      },
      {
        "name": "Clothing"
      }
    ],
    "tags": [],
    "images": [
      {
        "id": 141,
        "date_created": "2019-07-19T04:54:51",
        "date_created_gmt": "2019-07-19T04:54:51",
        "date_modified": "2019-07-19T04:54:51",
        "date_modified_gmt": "2019-07-19T04:54:51",
        "src": "/dress/dress_2.jpeg",
        "name": "01",
        "alt": ""
      },
      {
        "id": 186,
        "date_created": "2019-07-19T12:16:45",
        "date_created_gmt": "2019-07-19T12:16:45",
        "date_modified": "2019-07-19T12:16:45",
        "date_modified_gmt": "2019-07-19T12:16:45",
        "src": "/dress/dress_2.jpeg",
        "name": "02",
        "alt": ""
      },
      {
        "id": 187,
        "date_created": "2019-07-19T12:17:07",
        "date_created_gmt": "2019-07-19T12:17:07",
        "date_modified": "2019-07-19T12:17:07",
        "date_modified_gmt": "2019-07-19T12:17:07",
        "src": "/dress/dress_2.jpeg",
        "name": "01",
        "alt": ""
      },
      {
        "id": 189,
        "date_created": "2019-07-19T12:17:08",
        "date_created_gmt": "2019-07-19T12:17:08",
        "date_modified": "2019-07-19T12:17:08",
        "date_modified_gmt": "2019-07-19T12:17:08",
        "src": "/dress/dress_2.jpeg",
        "name": "03",
        "alt": ""
      }
    ],
    "attributes": [
      {
        "id": 1,
        "name": "Color",
        "position": 0,
        "visible": true,
        "variation": true,
        "options": [
          "#0C5A93",
          "#BDBDBD"
        ]
      },
      {
        "id": 2,
        "name": "Size",
        "position": 1,
        "visible": true,
        "variation": true,
        "options": [
          "M",
          "S"
        ]
      },
      {
        "id": 2,
        "name": "Brand",
        "position": 1,
        "visible": true,
        "variation": true,
        "options": [
          "Carter's",
          "Fendi"
        ]
      }
    ],
    "default_attributes": []
  },
  {
    "id": 14,
    "name": "Ganesha Fountain",
    "date_created": "2019-07-18T07:02:04",
    "date_created_gmt": "2019-07-18T07:02:04",
    "date_modified": "2019-08-27T11:48:15",
    "date_modified_gmt": "2019-08-27T11:48:15",
    "type": "simple",
    "status": "publish",
    "featured": true,
    "catalog_visibility": "visible",
    "description": "Material: Polyresin\nColor: Brown/Gold\nStyle: Contemporary\nWidth: 10 Inches 26.6 (cm)\nLength: 11 Inches 28.5 (cm)\nHeight: 11 Inches 28.5 (cm)",
    "short_description": "Material: Polyresin\nColor: Brown/Gold\nStyle: Contemporary\nWidth: 10 Inches 26.6 (cm)\nLength: 11 Inches 28.5 (cm)\nHeight: 11 Inches 28.5 (cm)",
    "sku": "wp-pennant",
    "price": "9",
    "regular_price": "10",
    "sale_price": "9",
    "date_on_sale_from": null,
    "date_on_sale_from_gmt": null,
    "date_on_sale_to": null,
    "date_on_sale_to_gmt": null,
    "price_html": "<span class=\"woocommerce-Price-amount amount\"><span class=\"woocommerce-Price-currencySymbol\">&#36;</span>15</span>",
    "on_sale": false,
    "purchasable": true,
    "total_sales": 33,
    "virtual": false,
    "downloadable": false,
    "downloads": [],
    "download_limit": 0,
    "download_expiry": 0,
    "external_url": "",
    "button_text": "",
    "tax_status": "taxable",
    "tax_class": "",
    "manage_stock": true,
    "stock_quantity": 67,
    "stock_status": "instock",
    "backorders": "no",
    "backorders_allowed": false,
    "backordered": false,
    "sold_individually": false,
    "weight": "",
    "dimensions": {
      "length": "50",
      "width": "50",
      "height": "30"
    },
    "shipping_required": true,
    "shipping_taxable": true,
    "shipping_class": "",
    "shipping_class_id": 0,
    "reviews_allowed": true,
    "average_rating": "3.00",
    "rating_count": 1,
    "related_ids": [],
    "upsell_ids": [],
    "cross_sell_ids": [],
    "parent_id": 0,
    "purchase_note": "",
    "categories": [
      {
        "name": "Decor"
      }
    ],
    "tags": [],
    "images": [
      {
        "id": 141,
        "date_created": "2019-07-19T04:54:51",
        "date_created_gmt": "2019-07-19T04:54:51",
        "date_modified": "2019-07-19T04:54:51",
        "date_modified_gmt": "2019-07-19T04:54:51",
        "src": "/decor/decor_1.jpg",
        "name": "01",
        "alt": ""
      },
      {
        "id": 186,
        "date_created": "2019-07-19T12:16:45",
        "date_created_gmt": "2019-07-19T12:16:45",
        "date_modified": "2019-07-19T12:16:45",
        "date_modified_gmt": "2019-07-19T12:16:45",
        "src": "/decor/decor_1.jpg",
        "name": "02",
        "alt": ""
      },
      {
        "id": 187,
        "date_created": "2019-07-19T12:17:07",
        "date_created_gmt": "2019-07-19T12:17:07",
        "date_modified": "2019-07-19T12:17:07",
        "date_modified_gmt": "2019-07-19T12:17:07",
        "src": "/decor/decor_1.jpg",
        "name": "01",
        "alt": ""
      },
      {
        "id": 189,
        "date_created": "2019-07-19T12:17:08",
        "date_created_gmt": "2019-07-19T12:17:08",
        "date_modified": "2019-07-19T12:17:08",
        "date_modified_gmt": "2019-07-19T12:17:08",
        "src": "/decor/decor_1.jpg",
        "name": "03",
        "alt": ""
      }
    ],
    "attributes": [
      {
        "id": 2,
        "name": "Brand",
        "position": 1,
        "visible": true,
        "variation": true,
        "options": [
          "Carters's",
          "Faballey"
        ]
      }
    ],
    "default_attributes": []
  },
  {
    "id": 15,
    "name": "Art Printed Covers",
    "date_created": "2019-07-18T07:02:04",
    "date_created_gmt": "2019-07-18T07:02:04",
    "date_modified": "2019-08-27T11:48:15",
    "date_modified_gmt": "2019-08-27T11:48:15",
    "type": "simple",
    "status": "publish",
    "featured": true,
    "catalog_visibility": "visible",
    "description": "Material: Polyresin\nColor: Brown/Gold\nStyle: Contemporary\nWidth: 10 Inches 26.6 (cm)\nLength: 11 Inches 28.5 (cm)\nHeight: 11 Inches 28.5 (cm)",
    "short_description": "Material: Polyresin\nColor: Brown/Gold\nStyle: Contemporary\nWidth: 10 Inches 26.6 (cm)\nLength: 11 Inches 28.5 (cm)\nHeight: 11 Inches 28.5 (cm)",
    "sku": "wp-pennant",
    "price": "5",
    "regular_price": "6",
    "sale_price": "5",
    "date_on_sale_from": null,
    "date_on_sale_from_gmt": null,
    "date_on_sale_to": null,
    "date_on_sale_to_gmt": null,
    "price_html": "<span class=\"woocommerce-Price-amount amount\"><span class=\"woocommerce-Price-currencySymbol\">&#36;</span>15</span>",
    "on_sale": true,
    "purchasable": true,
    "total_sales": 33,
    "virtual": false,
    "downloadable": false,
    "downloads": [],
    "download_limit": 0,
    "download_expiry": 0,
    "external_url": "",
    "button_text": "",
    "tax_status": "taxable",
    "tax_class": "",
    "manage_stock": true,
    "stock_quantity": 67,
    "stock_status": "instock",
    "backorders": "no",
    "backorders_allowed": false,
    "backordered": false,
    "sold_individually": false,
    "weight": "",
    "dimensions": {
      "length": "50",
      "width": "50",
      "height": "30"
    },
    "shipping_required": true,
    "shipping_taxable": true,
    "shipping_class": "",
    "shipping_class_id": 0,
    "reviews_allowed": true,
    "average_rating": "3.00",
    "rating_count": 1,
    "related_ids": [],
    "upsell_ids": [],
    "cross_sell_ids": [],
    "parent_id": 0,
    "purchase_note": "",
    "categories": [
      {
        "name": "Decor"
      }
    ],
    "tags": [],
    "images": [
      {
        "id": 141,
        "date_created": "2019-07-19T04:54:51",
        "date_created_gmt": "2019-07-19T04:54:51",
        "date_modified": "2019-07-19T04:54:51",
        "date_modified_gmt": "2019-07-19T04:54:51",
        "src": "/decor/decor_2.jpg",
        "name": "01",
        "alt": ""
      },
      {
        "id": 186,
        "date_created": "2019-07-19T12:16:45",
        "date_created_gmt": "2019-07-19T12:16:45",
        "date_modified": "2019-07-19T12:16:45",
        "date_modified_gmt": "2019-07-19T12:16:45",
        "src": "/decor/decor_2.jpg",
        "name": "02",
        "alt": ""
      },
      {
        "id": 187,
        "date_created": "2019-07-19T12:17:07",
        "date_created_gmt": "2019-07-19T12:17:07",
        "date_modified": "2019-07-19T12:17:07",
        "date_modified_gmt": "2019-07-19T12:17:07",
        "src": "/decor/decor_2.jpg",
        "name": "01",
        "alt": ""
      },
      {
        "id": 189,
        "date_created": "2019-07-19T12:17:08",
        "date_created_gmt": "2019-07-19T12:17:08",
        "date_modified": "2019-07-19T12:17:08",
        "date_modified_gmt": "2019-07-19T12:17:08",
        "src": "/decor/decor_2.jpg",
        "name": "03",
        "alt": ""
      }
    ],
    "attributes": [
      {
        "id": 2,
        "name": "Brand",
        "position": 1,
        "visible": true,
        "variation": true,
        "options": [
          "Carters's",
          "Faballey"
        ]
      },
      {
        "id": 1,
        "name": "Color",
        "position": 0,
        "visible": true,
        "variation": true,
        "options": [
          "#1e73be",
          "#58a80d",
          "#770f0f",
          "#a8a8a8",
          "#dd0202",
          "#eeee22"
        ]
      }
    ],
    "default_attributes": []
  },
  {
    "id": 16,
    "name": "Decor ShowPiece",
    "date_created": "2019-07-18T07:02:04",
    "date_created_gmt": "2019-07-18T07:02:04",
    "date_modified": "2019-08-27T11:48:15",
    "date_modified_gmt": "2019-08-27T11:48:15",
    "type": "simple",
    "status": "publish",
    "featured": true,
    "catalog_visibility": "visible",
    "description": "Material: Polyresin\nColor: Brown/Gold\nStyle: Contemporary\nWidth: 10 Inches 26.6 (cm)\nLength: 11 Inches 28.5 (cm)\nHeight: 11 Inches 28.5 (cm)",
    "short_description": "Material: Polyresin\nColor: Brown/Gold\nStyle: Contemporary\nWidth: 10 Inches 26.6 (cm)\nLength: 11 Inches 28.5 (cm)\nHeight: 11 Inches 28.5 (cm)",
    "sku": "wp-pennant",
    "price": "7",
    "regular_price": "8",
    "sale_price": "7",
    "date_on_sale_from": null,
    "date_on_sale_from_gmt": null,
    "date_on_sale_to": null,
    "date_on_sale_to_gmt": null,
    "price_html": "<span class=\"woocommerce-Price-amount amount\"><span class=\"woocommerce-Price-currencySymbol\">&#36;</span>15</span>",
    "on_sale": false,
    "purchasable": true,
    "total_sales": 33,
    "virtual": false,
    "downloadable": false,
    "downloads": [],
    "download_limit": 0,
    "download_expiry": 0,
    "external_url": "",
    "button_text": "",
    "tax_status": "taxable",
    "tax_class": "",
    "manage_stock": true,
    "stock_quantity": 67,
    "stock_status": "instock",
    "backorders": "no",
    "backorders_allowed": false,
    "backordered": false,
    "sold_individually": false,
    "weight": "",
    "dimensions": {
      "length": "50",
      "width": "50",
      "height": "30"
    },
    "shipping_required": true,
    "shipping_taxable": true,
    "shipping_class": "",
    "shipping_class_id": 0,
    "reviews_allowed": true,
    "average_rating": "3.00",
    "rating_count": 1,
    "related_ids": [],
    "upsell_ids": [],
    "cross_sell_ids": [],
    "parent_id": 0,
    "purchase_note": "",
    "categories": [
      {
        "name": "Decor"
      }
    ],
    "tags": [],
    "images": [
      {
        "id": 141,
        "date_created": "2019-07-19T04:54:51",
        "date_created_gmt": "2019-07-19T04:54:51",
        "date_modified": "2019-07-19T04:54:51",
        "date_modified_gmt": "2019-07-19T04:54:51",
        "src": "/decor/decor_3.jpg",
        "name": "01",
        "alt": ""
      },
      {
        "id": 186,
        "date_created": "2019-07-19T12:16:45",
        "date_created_gmt": "2019-07-19T12:16:45",
        "date_modified": "2019-07-19T12:16:45",
        "date_modified_gmt": "2019-07-19T12:16:45",
        "src": "/decor/decor_3.jpg",
        "name": "02",
        "alt": ""
      },
      {
        "id": 187,
        "date_created": "2019-07-19T12:17:07",
        "date_created_gmt": "2019-07-19T12:17:07",
        "date_modified": "2019-07-19T12:17:07",
        "date_modified_gmt": "2019-07-19T12:17:07",
        "src": "/decor/decor_3.jpg",
        "name": "01",
        "alt": ""
      },
      {
        "id": 189,
        "date_created": "2019-07-19T12:17:08",
        "date_created_gmt": "2019-07-19T12:17:08",
        "date_modified": "2019-07-19T12:17:08",
        "date_modified_gmt": "2019-07-19T12:17:08",
        "src": "/decor/decor_3.jpg",
        "name": "03",
        "alt": ""
      }
    ],
    "attributes": [
      {
        "id": 2,
        "name": "Brand",
        "position": 1,
        "visible": true,
        "variation": true,
        "options": [
          "Carters's",
          "Faballey"
        ]
      }
    ],
    "default_attributes": []
  },
  {
    "id": 24,
    "name": "Black Luxury Watch",
    "date_created": "2019-07-18T07:02:04",
    "date_created_gmt": "2019-07-18T07:02:04",
    "date_modified": "2019-08-27T11:48:15",
    "date_modified_gmt": "2019-08-27T11:48:15",
    "type": "simple",
    "status": "publish",
    "featured": true,
    "catalog_visibility": "visible",
    "description": "This adorable dress features denim fabric, round neck, short sleeve styling, solid color design, back zipper closure. Matching bet included. Make sure to add it to your wardrobe and you will love it.",
    "short_description": "This adorable dress features denim fabric, round neck, short sleeve styling, solid color design, back zipper closure. Matching bet included. Make sure to add it to your wardrobe and you will love it.",
    "sku": "wp-pennant",
    "price": "7",
    "regular_price": "8",
    "sale_price": "6",
    "date_on_sale_from": null,
    "date_on_sale_from_gmt": null,
    "date_on_sale_to": null,
    "date_on_sale_to_gmt": null,
    "price_html": "<span class=\"woocommerce-Price-amount amount\"><span class=\"woocommerce-Price-currencySymbol\">&#36;</span>15</span>",
    "on_sale": true,
    "purchasable": true,
    "total_sales": 33,
    "virtual": false,
    "downloadable": false,
    "downloads": [],
    "download_limit": 0,
    "download_expiry": 0,
    "external_url": "",
    "button_text": "",
    "tax_status": "taxable",
    "tax_class": "",
    "manage_stock": true,
    "stock_quantity": 67,
    "stock_status": "instock",
    "backorders": "no",
    "backorders_allowed": false,
    "backordered": false,
    "sold_individually": false,
    "weight": "",
    "dimensions": {
      "length": "50",
      "width": "50",
      "height": "30"
    },
    "shipping_required": true,
    "shipping_taxable": true,
    "shipping_class": "",
    "shipping_class_id": 0,
    "reviews_allowed": true,
    "average_rating": "3.00",
    "rating_count": 1,
    "related_ids": [],
    "upsell_ids": [],
    "cross_sell_ids": [],
    "parent_id": 0,
    "purchase_note": "",
    "categories": [
      {
        "name": "Fashion"
      },
      {
        "name": "Baby & Kids"
      },
      {
        "name": "Watches"
      }
    ],
    "tags": [],
    "images": [
      {
        "id": 141,
        "date_created": "2019-07-19T04:54:51",
        "date_created_gmt": "2019-07-19T04:54:51",
        "date_modified": "2019-07-19T04:54:51",
        "date_modified_gmt": "2019-07-19T04:54:51",
        "src": "/watch_2.jpeg",
        "name": "01",
        "alt": ""
      },
      {
        "id": 186,
        "date_created": "2019-07-19T12:16:45",
        "date_created_gmt": "2019-07-19T12:16:45",
        "date_modified": "2019-07-19T12:16:45",
        "date_modified_gmt": "2019-07-19T12:16:45",
        "src": "/watch_2.jpeg",
        "name": "02",
        "alt": ""
      },
      {
        "id": 187,
        "date_created": "2019-07-19T12:17:07",
        "date_created_gmt": "2019-07-19T12:17:07",
        "date_modified": "2019-07-19T12:17:07",
        "date_modified_gmt": "2019-07-19T12:17:07",
        "src": "/watch_2.jpeg",
        "name": "01",
        "alt": ""
      },
      {
        "id": 189,
        "date_created": "2019-07-19T12:17:08",
        "date_created_gmt": "2019-07-19T12:17:08",
        "date_modified": "2019-07-19T12:17:08",
        "date_modified_gmt": "2019-07-19T12:17:08",
        "src": "/watch_2.jpeg",
        "name": "03",
        "alt": ""
      }
    ],
    "attributes": [
      {
        "id": 1,
        "name": "Color",
        "position": 0,
        "visible": true,
        "variation": true,
        "options": [
          "#000000",
          "#BDBDBD",
          "#dd0202"
        ]
      },
      {
        "id": 2,
        "name": "Size",
        "position": 1,
        "visible": true,
        "variation": true,
        "options": [
          "M",
          "S"
        ]
      },
      {
        "id": 2,
        "name": "Brand",
        "position": 1,
        "visible": true,
        "variation": true,
        "options": [
          "Carter's",
          "Fendi"
        ]
      }
    ],
    "default_attributes": []
  },
  {
    "id": 21,
    "name": "UV Protected Sunglasses",
    "date_created": "2019-07-18T07:02:04",
    "date_created_gmt": "2019-07-18T07:02:04",
    "date_modified": "2019-08-27T11:48:15",
    "date_modified_gmt": "2019-08-27T11:48:15",
    "type": "simple",
    "status": "publish",
    "featured": true,
    "catalog_visibility": "visible",
    "description": "This adorable dress features denim fabric, round neck, short sleeve styling, solid color design, back zipper closure. Matching bet included. Make sure to add it to your wardrobe and you will love it.",
    "short_description": "This adorable dress features denim fabric, round neck, short sleeve styling, solid color design, back zipper closure. Matching bet included. Make sure to add it to your wardrobe and you will love it.",
    "sku": "wp-pennant",
    "price": "7",
    "regular_price": "8",
    "sale_price": "6",
    "date_on_sale_from": null,
    "date_on_sale_from_gmt": null,
    "date_on_sale_to": null,
    "date_on_sale_to_gmt": null,
    "price_html": "<span class=\"woocommerce-Price-amount amount\"><span class=\"woocommerce-Price-currencySymbol\">&#36;</span>15</span>",
    "on_sale": true,
    "purchasable": true,
    "total_sales": 33,
    "virtual": false,
    "downloadable": false,
    "downloads": [],
    "download_limit": 0,
    "download_expiry": 0,
    "external_url": "",
    "button_text": "",
    "tax_status": "taxable",
    "tax_class": "",
    "manage_stock": true,
    "stock_quantity": 67,
    "stock_status": "instock",
    "backorders": "no",
    "backorders_allowed": false,
    "backordered": false,
    "sold_individually": false,
    "weight": "",
    "dimensions": {
      "length": "50",
      "width": "50",
      "height": "30"
    },
    "shipping_required": true,
    "shipping_taxable": true,
    "shipping_class": "",
    "shipping_class_id": 0,
    "reviews_allowed": true,
    "average_rating": "3.00",
    "rating_count": 1,
    "related_ids": [],
    "upsell_ids": [],
    "cross_sell_ids": [],
    "parent_id": 0,
    "purchase_note": "",
    "categories": [
      {
        "name": "Fashion"
      },
      {
        "name": "Baby & Kids"
      },
      {
        "name": "Women"
      },
      {
        "name": "Optics"
      }
    ],
    "tags": [],
    "images": [
      {
        "id": 141,
        "date_created": "2019-07-19T04:54:51",
        "date_created_gmt": "2019-07-19T04:54:51",
        "date_modified": "2019-07-19T04:54:51",
        "date_modified_gmt": "2019-07-19T04:54:51",
        "src": "/spects.jpg",
        "name": "01",
        "alt": ""
      },
      {
        "id": 186,
        "date_created": "2019-07-19T12:16:45",
        "date_created_gmt": "2019-07-19T12:16:45",
        "date_modified": "2019-07-19T12:16:45",
        "date_modified_gmt": "2019-07-19T12:16:45",
        "src": "/spects.jpg",
        "name": "02",
        "alt": ""
      },
      {
        "id": 187,
        "date_created": "2019-07-19T12:17:07",
        "date_created_gmt": "2019-07-19T12:17:07",
        "date_modified": "2019-07-19T12:17:07",
        "date_modified_gmt": "2019-07-19T12:17:07",
        "src": "/spects.jpg",
        "name": "01",
        "alt": ""
      },
      {
        "id": 189,
        "date_created": "2019-07-19T12:17:08",
        "date_created_gmt": "2019-07-19T12:17:08",
        "date_modified": "2019-07-19T12:17:08",
        "date_modified_gmt": "2019-07-19T12:17:08",
        "src": "/spects.jpg",
        "name": "03",
        "alt": ""
      }
    ],
    "attributes": [
      {
        "id": 1,
        "name": "Color",
        "position": 0,
        "visible": true,
        "variation": true,
        "options": [
          "#000000",
          "#BDBDBD",
          "#dd0202"
        ]
      },
      {
        "id": 2,
        "name": "Size",
        "position": 1,
        "visible": true,
        "variation": true,
        "options": [
          "M",
          "S"
        ]
      },
      {
        "id": 2,
        "name": "Brand",
        "position": 1,
        "visible": true,
        "variation": true,
        "options": [
          "Carter's","Fendi"
        ]
      }
    ],
    "default_attributes": []
  },
  {
  "id": 22,
  "name": "Analog Mens Watch",
  "date_created": "2019-07-18T07:02:04",
  "date_created_gmt": "2019-07-18T07:02:04",
  "date_modified": "2019-08-27T11:48:15",
  "date_modified_gmt": "2019-08-27T11:48:15",
  "type": "simple",
  "status": "publish",
  "featured": true,
  "catalog_visibility": "visible",
  "description": "This adorable dress features denim fabric, round neck, short sleeve styling, solid color design, back zipper closure. Matching bet included. Make sure to add it to your wardrobe and you will love it.",
  "short_description": "This adorable dress features denim fabric, round neck, short sleeve styling, solid color design, back zipper closure. Matching bet included. Make sure to add it to your wardrobe and you will love it.",
  "sku": "wp-pennant",
  "price": "7",
  "regular_price": "8",
  "sale_price": "6",
  "date_on_sale_from": null,
  "date_on_sale_from_gmt": null,
  "date_on_sale_to": null,
  "date_on_sale_to_gmt": null,
  "price_html": "<span class=\"woocommerce-Price-amount amount\"><span class=\"woocommerce-Price-currencySymbol\">&#36;</span>15</span>",
  "on_sale": true,
  "purchasable": true,
  "total_sales": 33,
  "virtual": false,
  "downloadable": false,
  "downloads": [],
  "download_limit": 0,
  "download_expiry": 0,
  "external_url": "",
  "button_text": "",
  "tax_status": "taxable",
  "tax_class": "",
  "manage_stock": true,
  "stock_quantity": 67,
  "stock_status": "instock",
  "backorders": "no",
  "backorders_allowed": false,
  "backordered": false,
  "sold_individually": false,
  "weight": "",
  "dimensions": {
    "length": "50",
    "width": "50",
    "height": "30"
  },
  "shipping_required": true,
  "shipping_taxable": true,
  "shipping_class": "",
  "shipping_class_id": 0,
  "reviews_allowed": true,
  "average_rating": "3.00",
  "rating_count": 1,
  "related_ids": [],
  "upsell_ids": [],
  "cross_sell_ids": [],
  "parent_id": 0,
  "purchase_note": "",
  "categories": [
    {
      "name": "Fashion"
    },
    {
      "name": "Men"
    },
    {
      "name": "Watches"
    }
  ],
  "tags": [],
  "images": [
    {
      "id": 141,
      "date_created": "2019-07-19T04:54:51",
      "date_created_gmt": "2019-07-19T04:54:51",
      "date_modified": "2019-07-19T04:54:51",
      "date_modified_gmt": "2019-07-19T04:54:51",
      "src": "/watch_1.jpg",
      "name": "01",
      "alt": ""
    },
    {
      "id": 186,
      "date_created": "2019-07-19T12:16:45",
      "date_created_gmt": "2019-07-19T12:16:45",
      "date_modified": "2019-07-19T12:16:45",
      "date_modified_gmt": "2019-07-19T12:16:45",
      "src": "/watch_1.jpg",
      "name": "02",
      "alt": ""
    },
    {
      "id": 187,
      "date_created": "2019-07-19T12:17:07",
      "date_created_gmt": "2019-07-19T12:17:07",
      "date_modified": "2019-07-19T12:17:07",
      "date_modified_gmt": "2019-07-19T12:17:07",
      "src": "/watch_1.jpg",
      "name": "01",
      "alt": ""
    },
    {
      "id": 189,
      "date_created": "2019-07-19T12:17:08",
      "date_created_gmt": "2019-07-19T12:17:08",
      "date_modified": "2019-07-19T12:17:08",
      "date_modified_gmt": "2019-07-19T12:17:08",
      "src": "/watch_1.jpg",
      "name": "03",
      "alt": ""
    }
  ],
  "attributes": [
    {
      "id": 1,
      "name": "Color",
      "position": 0,
      "visible": true,
      "variation": true,
      "options": [
        "#000000",
        "#BDBDBD",
        "#dd0202"
      ]
    },
    {
      "id": 2,
      "name": "Size",
      "position": 1,
      "visible": true,
      "variation": true,
      "options": [
        "M",
        "S"
      ]
    },
    {
      "id": 2,
      "name": "Brand",
      "position": 1,
      "visible": true,
      "variation": true,
      "options": [
        "Carter's",
        "Fendi"
      ]
    }
  ],
  "default_attributes": []
}
]